project_name,average_cbo,average_dit,average_lcom
JavaGuide,0.0,0.0,0.0
GitHub-Chinese-Top-Charts,0.0,1.0,0.0
hello-algo,1.8744186046511628,1.0,4.706976744186046
java-design-patterns,3.3648264086511097,1.1974957313602732,1.8702333523050654
mall,3.9407894736842106,1.2394736842105263,1110.803947368421
